[   
    {
        "zip" : "64063",
        "address" : "890 E Langsford Rd, Lee's Summit, MO"
    },
    {
        "zip" : "64055",
        "address" : "17820 East 39th St S Ste 101, Independence, MO"
    },
    {
        "zip" : "64086",
        "address" : "1101 NW Innovation Parkway, Lee's Summit, MO"
    },
    {
        "zip" : "64093",
        "address" : "116 W South St, Warrensburg, MO"
    },
    {
        "zip" : "64014",
        "address" : "815 MO-7, Blue Springs, MO"
    },
    {
        "zip" : "64133",
        "address" : "9410B E State Rte 350, Raytown, MO"
    },
    {
        "zip" : "64030",
        "address" : "12018 S U.S. 71 Hwy, Grandview, MO"
    },
    {
        "zip" : "66209",
        "address" : "4700 W 119th St, Leawood, KS"
    },
    {
        "zip" : "66219",
        "address" : "4732 W 119th St, Wichita, KS"
    },
    {
        "zip" : "66255",
        "address" : "1818 W 20th St, Kansas City, MO"
    }

]